Arts & Crafts 54,image::Resources/arts_and_crafts_54-thumb.png,link:Resources/arts_and_crafts_54_PCS.pdf[PCS - PDF],link:Resources/arts_and_crafts_54_SS.pdf[SymbolStix - PDF],link:Resources/arts_and_crafts_54_Widgit.pdf[Widgit - PDF],link:Resources/arts_and_crafts_54.bm2[Boardmaker],link:Resources/arts_and_crafts_54_w.cip[Communicate in Print],link:Resources/arts_and_crafts_54.smd[SMD]
Balloons 8,image::Resources/balloons_8-thumb.png,link:Resources/balloons_8_PCS.pdf[PCS - PDF],link:Resources/balloons_8_SS.pdf[SymbolStix - PDF],link:Resources/balloons_8_Widgit.pdf[Widgit - PDF],link:Resources/balloons_8.bm2[Boardmaker],link:Resources/balloons_8_w.cip[Communicate in Print],link:Resources/balloons_8.smd[SMD]
Bath 15,image::Resources/bath_15-thumb.png,link:Resources/bath_15_PCS.pdf[PCS - PDF],link:Resources/bath_15_SS.pdf[SymbolStix - PDF],link:Resources/bath_15_Widgit.pdf[Widgit - PDF],link:Resources/bath_15.bm2[Boardmaker],link:Resources/bath_15_w.cip[Communicate in Print],link:Resources/bath_15.smd[SMD]
Blocks 24,image::Resources/blocks_24-thumb.png,link:Resources/blocks_24_PCS.pdf[PCS - PDF],link:Resources/blocks_24_SS.pdf[SymbolStix - PDF],link:Resources/blocks_24_Widgit.pdf[Widgit - PDF],link:Resources/blocks_24.bm2[Boardmaker],link:Resources/blocks_24_w.cip[Communicate in Print],link:Resources/blocks_24.smd[SMD]
Blocks 8,image::Resources/blocks_8-thumb.png,link:Resources/blocks_8_PCS.pdf[PCS - PDF],link:Resources/blocks_8_SS.pdf[SymbolStix - PDF],link:Resources/blocks_8_Widgit.pdf[Widgit - PDF],link:Resources/blocks_8.bm2[Boardmaker],link:Resources/blocks_8_w.cip[Communicate in Print],link:Resources/blocks_8.smd[SMD]
Bubbles 20,image::Resources/bubbles_20-thumb.png,link:Resources/bubbles_20_PCS.pdf[PCS - PDF],link:Resources/bubbles_20_SS.pdf[SymbolStix - PDF],link:Resources/bubbles_20_Widgit.pdf[Widgit - PDF],link:Resources/bubbles_20.bm2[Boardmaker],link:Resources/bubbles_20_w.cip[Communicate in Print],link:Resources/bubbles_20.smd[SMD]
Bubbles 8,image::Resources/bubbles_8-thumb.png,link:Resources/bubbles_8_PCS.pdf[PCS - PDF],link:Resources/bubbles_8_SS.pdf[SymbolStix - PDF],link:Resources/bubbles_8_Widgit.pdf[Widgit - PDF],link:Resources/bubbles_8.bm2[Boardmaker],link:Resources/bubbles_8_w.cip[Communicate in Print],link:Resources/bubbles_8.smd[SMD]
Chat About Tv 15,image::Resources/chat_about_tv_15-thumb.png,link:Resources/chat_about_tv_15_PCS.pdf[PCS - PDF],link:Resources/chat_about_tv_15_SS.pdf[SymbolStix - PDF],link:Resources/chat_about_tv_15_Widgit.pdf[Widgit - PDF],link:Resources/chat_about_tv_15.bm2[Boardmaker],link:Resources/chat_about_tv_15_w.cip[Communicate in Print],link:Resources/chat_about_tv_15.smd[SMD]
Colours 8,image::Resources/colours_8-thumb.png,link:Resources/colours_8_PCS.pdf[PCS - PDF],link:Resources/colours_8_SS.pdf[SymbolStix - PDF],link:Resources/colours_8_Widgit.pdf[Widgit - PDF],link:Resources/colours_8.bm2[Boardmaker],link:Resources/colours_8_w.cip[Communicate in Print],link:Resources/colours_8.smd[SMD]
Core 15,image::Resources/core_15-thumb.png,link:Resources/core_15_PCS.pdf[PCS - PDF],link:Resources/core_15_SS.pdf[SymbolStix - PDF],link:Resources/core_15_Widgit.pdf[Widgit - PDF],link:Resources/core_15.bm2[Boardmaker],link:Resources/core_15_w.cip[Communicate in Print],link:Resources/core_15.smd[SMD]
Core 2,image::Resources/core_2-thumb.png,link:Resources/core_2_PCS.pdf[PCS - PDF],link:Resources/core_2_SS.pdf[SymbolStix - PDF],link:Resources/core_2_Widgit.pdf[Widgit - PDF],link:Resources/core_2.bm2[Boardmaker],link:Resources/core_2_w.cip[Communicate in Print],link:Resources/core_2.smd[SMD]
Core 28,image::Resources/core_28-thumb.png,link:Resources/core_28_PCS.pdf[PCS - PDF],link:Resources/core_28_SS.pdf[SymbolStix - PDF],link:Resources/core_28_Widgit.pdf[Widgit - PDF],link:Resources/core_28.bm2[Boardmaker],link:Resources/core_28_w.cip[Communicate in Print],link:Resources/core_28.smd[SMD]
Core 8,image::Resources/core_8-thumb.png,link:Resources/core_8_PCS.pdf[PCS - PDF],link:Resources/core_8_SS.pdf[SymbolStix - PDF],link:Resources/core_8_Widgit.pdf[Widgit - PDF],link:Resources/core_8.bm2[Boardmaker],link:Resources/core_8_w.cip[Communicate in Print],link:Resources/core_8.smd[SMD]
Creating Stories 30,image::Resources/creating_stories_30-thumb.png,link:Resources/creating_stories_30_PCS.pdf[PCS - PDF],link:Resources/creating_stories_30_SS.pdf[SymbolStix - PDF],link:Resources/creating_stories_30_Widgit.pdf[Widgit - PDF],link:Resources/creating_stories_30.bm2[Boardmaker],link:Resources/creating_stories_30_w.cip[Communicate in Print],link:Resources/creating_stories_30.smd[SMD]
Dolly 15,image::Resources/dolly_15-thumb.png,link:Resources/dolly_15_PCS.pdf[PCS - PDF],link:Resources/dolly_15_SS.pdf[SymbolStix - PDF],link:Resources/dolly_15_Widgit.pdf[Widgit - PDF],link:Resources/dolly_15.bm2[Boardmaker],link:Resources/dolly_15_w.cip[Communicate in Print],link:Resources/dolly_15.smd[SMD]
Dolly 8,image::Resources/dolly_8-thumb.png,link:Resources/dolly_8_PCS.pdf[PCS - PDF],link:Resources/dolly_8_SS.pdf[SymbolStix - PDF],link:Resources/dolly_8_Widgit.pdf[Widgit - PDF],link:Resources/dolly_8.bm2[Boardmaker],link:Resources/dolly_8_w.cip[Communicate in Print],link:Resources/dolly_8.smd[SMD]
Dressing Up As Princess 30,image::Resources/dressing_up_as_princess_30-thumb.png,link:Resources/dressing_up_as_princess_30_PCS.pdf[PCS - PDF],link:Resources/dressing_up_as_princess_30_SS.pdf[SymbolStix - PDF],link:Resources/dressing_up_as_princess_30_Widgit.pdf[Widgit - PDF],link:Resources/dressing_up_as_princess_30.bm2[Boardmaker],link:Resources/dressing_up_as_princess_30_w.cip[Communicate in Print],link:Resources/dressing_up_as_princess_30.smd[SMD]
Dressing Up As Princess 8,image::Resources/dressing_up_as_princess_8-thumb.png,link:Resources/dressing_up_as_princess_8_PCS.pdf[PCS - PDF],link:Resources/dressing_up_as_princess_8_SS.pdf[SymbolStix - PDF],link:Resources/dressing_up_as_princess_8_Widgit.pdf[Widgit - PDF],link:Resources/dressing_up_as_princess_8.bm2[Boardmaker],link:Resources/dressing_up_as_princess_8_w.cip[Communicate in Print],link:Resources/dressing_up_as_princess_8.smd[SMD]
Kerplunk 24,image::Resources/kerplunk_24-thumb.png,link:Resources/kerplunk_24_PCS.pdf[PCS - PDF],link:Resources/kerplunk_24_SS.pdf[SymbolStix - PDF],link:Resources/kerplunk_24_Widgit.pdf[Widgit - PDF],link:Resources/kerplunk_24.bm2[Boardmaker],link:Resources/kerplunk_24_w.cip[Communicate in Print],link:Resources/kerplunk_24.smd[SMD]
Look At Photos 8,image::Resources/look_at_photos_8-thumb.png,link:Resources/look_at_photos_8_PCS.pdf[PCS - PDF],link:Resources/look_at_photos_8_SS.pdf[SymbolStix - PDF],link:Resources/look_at_photos_8_Widgit.pdf[Widgit - PDF],link:Resources/look_at_photos_8.bm2[Boardmaker],link:Resources/look_at_photos_8_w.cip[Communicate in Print],link:Resources/look_at_photos_8.smd[SMD]
Make Up 30,image::Resources/make_up_30-thumb.png,link:Resources/make_up_30_PCS.pdf[PCS - PDF],link:Resources/make_up_30_SS.pdf[SymbolStix - PDF],link:Resources/make_up_30_Widgit.pdf[Widgit - PDF],link:Resources/make_up_30.bm2[Boardmaker],link:Resources/make_up_30_w.cip[Communicate in Print],link:Resources/make_up_30.smd[SMD]
Medical Kit 30,image::Resources/medical_kit_30-thumb.png,link:Resources/medical_kit_30_PCS.pdf[PCS - PDF],link:Resources/medical_kit_30_SS.pdf[SymbolStix - PDF],link:Resources/medical_kit_30_Widgit.pdf[Widgit - PDF],link:Resources/medical_kit_30.bm2[Boardmaker],link:Resources/medical_kit_30_w.cip[Communicate in Print],link:Resources/medical_kit_30.smd[SMD]
Mr Potato Head 30,image::Resources/mr_potato_head_30-thumb.png,link:Resources/mr_potato_head_30_PCS.pdf[PCS - PDF],link:Resources/mr_potato_head_30_SS.pdf[SymbolStix - PDF],link:Resources/mr_potato_head_30_Widgit.pdf[Widgit - PDF],link:Resources/mr_potato_head_30.bm2[Boardmaker],link:Resources/mr_potato_head_30_w.cip[Communicate in Print],link:Resources/mr_potato_head_30.smd[SMD]
Peppa 15,image::Resources/peppa_15-thumb.png,link:Resources/peppa_15_PCS.pdf[PCS - PDF],link:Resources/peppa_15_SS.pdf[SymbolStix - PDF],link:Resources/peppa_15_Widgit.pdf[Widgit - PDF],link:Resources/peppa_15.bm2[Boardmaker],link:Resources/peppa_15_w.cip[Communicate in Print],link:Resources/peppa_15.smd[SMD]
Read Dear Zoo 30,image::Resources/read_dear_zoo_30-thumb.png,link:Resources/read_dear_zoo_30_PCS.pdf[PCS - PDF],link:Resources/read_dear_zoo_30_SS.pdf[SymbolStix - PDF],link:Resources/read_dear_zoo_30_Widgit.pdf[Widgit - PDF],link:Resources/read_dear_zoo_30.bm2[Boardmaker],link:Resources/read_dear_zoo_30_w.cip[Communicate in Print],link:Resources/read_dear_zoo_30.smd[SMD]
Reading 15,image::Resources/reading_15-thumb.png,link:Resources/reading_15_PCS.pdf[PCS - PDF],link:Resources/reading_15_SS.pdf[SymbolStix - PDF],link:Resources/reading_15_Widgit.pdf[Widgit - PDF],link:Resources/reading_15.bm2[Boardmaker],link:Resources/reading_15_w.cip[Communicate in Print],link:Resources/reading_15.smd[SMD]
Simon Says 8,image::Resources/simon_says_8-thumb.png,link:Resources/simon_says_8_PCS.pdf[PCS - PDF],link:Resources/simon_says_8_SS.pdf[SymbolStix - PDF],link:Resources/simon_says_8_Widgit.pdf[Widgit - PDF],link:Resources/simon_says_8.bm2[Boardmaker],link:Resources/simon_says_8_w.cip[Communicate in Print],link:Resources/simon_says_8.smd[SMD]
Sing Old Macdonald 8,image::Resources/sing_old_macdonald_8-thumb.png,link:Resources/sing_old_macdonald_8_PCS.pdf[PCS - PDF],link:Resources/sing_old_macdonald_8_SS.pdf[SymbolStix - PDF],link:Resources/sing_old_macdonald_8_Widgit.pdf[Widgit - PDF],link:Resources/sing_old_macdonald_8.bm2[Boardmaker],link:Resources/sing_old_macdonald_8_w.cip[Communicate in Print],link:Resources/sing_old_macdonald_8.smd[SMD]
Sing Heels On The Bus 8,image::Resources/singheels_on_the_bus_8-thumb.png,link:Resources/singheels_on_the_bus_8_PCS.pdf[PCS - PDF],link:Resources/singheels_on_the_bus_8_SS.pdf[SymbolStix - PDF],link:Resources/singheels_on_the_bus_8_Widgit.pdf[Widgit - PDF],link:Resources/singheels_on_the_bus_8.bm2[Boardmaker],link:Resources/singheels_on_the_bus_8_w.cip[Communicate in Print],link:Resources/singheels_on_the_bus_8.smd[SMD]
Singing 8,image::Resources/singing_8-thumb.png,link:Resources/singing_8_PCS.pdf[PCS - PDF],link:Resources/singing_8_SS.pdf[SymbolStix - PDF],link:Resources/singing_8_Widgit.pdf[Widgit - PDF],link:Resources/singing_8.bm2[Boardmaker],link:Resources/singing_8_w.cip[Communicate in Print],link:Resources/singing_8.smd[SMD]
Snakes And Ladders 40,image::Resources/snakes_and_ladders_40-thumb.png,link:Resources/snakes_and_ladders_40_PCS.pdf[PCS - PDF],link:Resources/snakes_and_ladders_40_SS.pdf[SymbolStix - PDF],link:Resources/snakes_and_ladders_40_Widgit.pdf[Widgit - PDF],link:Resources/snakes_and_ladders_40.bm2[Boardmaker],link:Resources/snakes_and_ladders_40_w.cip[Communicate in Print],link:Resources/snakes_and_ladders_40.smd[SMD]
Tea Party 12,image::Resources/tea_party_12-thumb.png,link:Resources/tea_party_12_PCS.pdf[PCS - PDF],link:Resources/tea_party_12_SS.pdf[SymbolStix - PDF],link:Resources/tea_party_12_Widgit.pdf[Widgit - PDF],link:Resources/tea_party_12.bm2[Boardmaker],link:Resources/tea_party_12_w.cip[Communicate in Print],link:Resources/tea_party_12.smd[SMD]
Tea Party 24,image::Resources/tea_party_24-thumb.png,link:Resources/tea_party_24_PCS.pdf[PCS - PDF],link:Resources/tea_party_24_SS.pdf[SymbolStix - PDF],link:Resources/tea_party_24_Widgit.pdf[Widgit - PDF],link:Resources/tea_party_24.bm2[Boardmaker],link:Resources/tea_party_24_w.cip[Communicate in Print],link:Resources/tea_party_24.smd[SMD]
Train Play 20,image::Resources/train_play_20-thumb.png,link:Resources/train_play_20_PCS.pdf[PCS - PDF],link:Resources/train_play_20_SS.pdf[SymbolStix - PDF],link:Resources/train_play_20_Widgit.pdf[Widgit - PDF],link:Resources/train_play_20.bm2[Boardmaker],link:Resources/train_play_20_w.cip[Communicate in Print],link:Resources/train_play_20.smd[SMD]
Turn Taking 4,image::Resources/turn_taking_4-thumb.png,link:Resources/turn_taking_4_PCS.pdf[PCS - PDF],link:Resources/turn_taking_4_SS.pdf[SymbolStix - PDF],link:Resources/turn_taking_4_Widgit.pdf[Widgit - PDF],link:Resources/turn_taking_4.bm2[Boardmaker],link:Resources/turn_taking_4_w.cip[Communicate in Print],link:Resources/turn_taking_4.smd[SMD]